date,total_orders,attendance,orders_per_rider,month,weekday
2024-11-01,3879,82,47.30487804878049,11,5
2024-11-02,3738,89,42.0,11,6
2024-11-03,3822,86,44.44186046511628,11,7
2024-11-04,2936,86,34.13953488372093,11,1
2024-11-05,3133,85,36.85882352941177,11,2
2024-11-06,3462,90,38.46666666666667,11,3
2024-11-07,3573,90,39.7,11,4
2024-11-08,3540,92,38.47826086956522,11,5
2024-11-09,4022,99,40.62626262626262,11,6
2024-11-10,4285,99,43.28282828282828,11,7
2024-11-11,3149,87,36.19540229885057,11,1
2024-11-12,3312,86,38.51162790697674,11,2
2024-11-13,3385,90,37.61111111111111,11,3
2024-11-14,3684,90,40.93333333333333,11,4
2024-11-15,3618,95,38.08421052631579,11,5
2024-11-16,3885,89,43.65168539325843,11,6
2024-11-17,4137,91,45.46153846153846,11,7
2024-11-18,2993,81,36.95061728395062,11,1
2024-11-19,3657,89,41.08988764044944,11,2
2024-11-20,3464,93,37.24731182795699,11,3
2024-11-21,3535,95,37.21052631578947,11,4
2024-11-22,3745,95,39.42105263157895,11,5
2024-11-23,4293,101,42.50495049504951,11,6
2024-11-24,4371,98,44.60204081632653,11,7
2024-11-25,3841,93,41.30107526881721,11,1
2024-11-26,3803,92,41.33695652173913,11,2
2024-11-27,3878,89,43.57303370786517,11,3
2024-11-28,3801,94,40.43617021276596,11,4
2024-11-29,3993,98,40.74489795918368,11,5
2024-11-30,4124,97,42.51546391752577,11,6
2024-12-01,4728,103,45.90291262135922,12,7
2024-12-02,3913,108,36.23148148148148,12,1
2024-12-03,4050,106,38.20754716981132,12,2
2024-12-04,3904,98,39.83673469387755,12,3
2024-12-05,3949,95,41.56842105263158,12,4
2024-12-06,4114,99,41.55555555555556,12,5
2024-12-07,4677,101,46.3069306930693,12,6
2024-12-08,4718,102,46.25490196078432,12,7
2024-12-09,3924,97,40.45360824742268,12,1
2024-12-10,4689,111,42.24324324324324,12,2
2024-12-11,4609,109,42.28440366972477,12,3
2024-12-12,4553,111,41.01801801801802,12,4
2024-12-13,4551,111,41.0,12,5
2024-12-14,5269,112,47.04464285714285,12,6
2024-12-15,5365,116,46.25,12,7
2024-12-16,4590,113,40.61946902654867,12,1
2024-12-17,4786,120,39.88333333333333,12,2
2024-12-18,4873,117,41.64957264957265,12,3
2024-12-19,4890,122,40.08196721311475,12,4
2024-12-20,5001,119,42.02521008403362,12,5
2024-12-21,5516,123,44.84552845528455,12,6
2024-12-22,5308,121,43.86776859504132,12,7
2024-12-23,4654,117,39.77777777777778,12,1
2024-12-24,4912,120,40.93333333333333,12,2
2024-12-25,4375,109,40.13761467889909,12,3
2024-12-26,4569,109,41.91743119266055,12,4
2024-12-27,4520,112,40.35714285714285,12,5
2024-12-28,5174,109,47.46788990825688,12,6
2024-12-29,5285,113,46.76991150442478,12,7
2024-12-30,4240,106,40.0,12,1
2024-12-31,4154,112,37.08928571428572,12,2
2025-01-01,4816,105,45.86666666666667,1,3
2025-01-02,4462,115,38.8,1,4
2025-01-03,5026,116,43.32758620689656,1,5
2025-01-04,5833,116,50.28448275862069,1,6
2025-01-05,5766,114,50.57894736842105,1,7
2025-01-06,4664,108,43.18518518518518,1,1
2025-01-07,4824,111,43.45945945945946,1,2
2025-01-08,4733,113,41.88495575221239,1,3
2025-01-09,4813,108,44.56481481481482,1,4
2025-01-10,4873,108,45.12037037037037,1,5
2025-01-11,5111,111,46.04504504504504,1,6
2025-01-12,5083,105,48.40952380952381,1,7
2025-01-13,4260,100,42.6,1,1
2025-01-14,4493,101,44.48514851485149,1,2
2025-01-15,4259,97,43.90721649484536,1,3
2025-01-16,4053,99,40.93939393939394,1,4
2025-01-17,4126,98,42.10204081632653,1,5
2025-01-18,3851,92,41.85869565217392,1,6
2025-01-19,3726,93,40.06451612903226,1,7
2025-01-20,3387,94,36.03191489361702,1,1
2025-01-21,3360,94,35.74468085106383,1,2
2025-01-22,3070,91,33.73626373626374,1,3
2025-01-23,3025,88,34.375,1,4
2025-01-24,2877,89,32.32584269662922,1,5
2025-01-25,2388,74,32.27027027027027,1,6
2025-01-26,1863,73,25.52054794520548,1,7
2025-01-27,1384,50,27.68,1,1
2025-01-29,1153,40,28.825,1,3
2025-01-30,1141,42,27.16666666666667,1,4
2025-01-31,1298,43,30.18604651162791,1,5
2025-02-01,1413,44,32.11363636363637,2,6
2025-02-02,1471,45,32.68888888888889,2,7
2025-02-03,1400,56,25.0,2,1
2025-02-04,1783,59,30.22033898305085,2,2
2025-02-05,1935,60,32.25,2,3
2025-02-06,2053,72,28.51388888888889,2,4
2025-02-07,2472,77,32.1038961038961,2,5
2025-02-08,2784,84,33.14285714285715,2,6
2025-02-09,3139,88,35.67045454545455,2,7
2025-02-10,2671,101,26.44554455445545,2,1
2025-02-11,2948,98,30.08163265306122,2,2
2025-02-12,2989,101,29.59405940594059,2,3
2025-02-13,2825,101,27.97029702970297,2,4
2025-02-14,3333,101,33.0,2,5
2025-02-15,3922,109,35.98165137614679,2,6
2025-02-16,3947,102,38.69607843137255,2,7
2025-02-17,3146,79,39.82278481012658,2,1
2025-02-18,3342,82,40.75609756097561,2,2
2025-02-19,3165,83,38.13253012048193,2,3
2025-02-20,3666,84,43.64285714285715,2,4
2025-02-21,3996,89,44.89887640449438,2,5
2025-02-22,4666,89,52.42696629213483,2,6
2025-02-23,4675,87,53.73563218390805,2,7
2025-02-24,3682,90,40.91111111111111,2,1
2025-02-25,3625,88,41.19318181818182,2,2
2025-02-26,3871,84,46.08333333333334,2,3
2025-02-27,3668,86,42.65116279069768,2,4
2025-02-28,3512,83,42.31325301204819,2,5
2025-03-01,4440,89,49.8876404494382,3,6
2025-03-02,4725,92,51.35869565217391,3,7
2025-03-03,4048,91,44.48351648351648,3,1
2025-03-04,3985,95,41.94736842105263,3,2
2025-03-05,3862,92,41.97826086956522,3,3
2025-03-06,3982,95,41.91578947368421,3,4
2025-03-07,3444,91,37.84615384615385,3,5
2025-03-08,4529,93,48.69892473118279,3,6
2025-03-09,4679,93,50.31182795698925,3,7
2025-03-10,4107,93,44.16129032258065,3,1
2025-03-11,4235,93,45.53763440860215,3,2
2025-03-12,4483,93,48.20430107526882,3,3
2025-03-13,3987,94,42.41489361702128,3,4
2025-03-14,4180,95,44.0,3,5
2025-03-15,4630,95,48.73684210526316,3,6
2025-03-16,4272,93,45.93548387096774,3,7
2025-03-17,3862,90,42.91111111111111,3,1
2025-03-18,3981,93,42.80645161290322,3,2
2025-03-19,3989,92,43.35869565217391,3,3
2025-03-20,3967,95,41.7578947368421,3,4
2025-03-21,4218,95,44.4,3,5
2025-03-22,4329,98,44.17346938775511,3,6
2025-03-23,4416,94,46.97872340425532,3,7
2025-03-24,3923,93,42.18279569892473,3,1
2025-03-25,4073,92,44.27173913043478,3,2
2025-03-26,4145,97,42.7319587628866,3,3
2025-03-27,4153,97,42.81443298969072,3,4
2025-03-28,4133,92,44.92391304347826,3,5
2025-03-29,4510,91,49.56043956043956,3,6
2025-03-30,4676,93,50.27956989247312,3,7
2025-03-31,4029,87,46.31034482758621,3,1
2025-04-01,4102,92,44.58695652173913,4,2
2025-04-02,3920,97,40.41237113402062,4,3
2025-04-03,3782,90,42.02222222222223,4,4
2025-04-04,3591,85,42.24705882352941,4,5
2025-04-05,3495,88,39.71590909090909,4,6
2025-04-06,4213,91,46.2967032967033,4,7
2025-04-07,3918,93,42.12903225806452,4,1
2025-04-08,4027,94,42.8404255319149,4,2
2025-04-09,3818,91,41.95604395604396,4,3
2025-04-10,3731,90,41.45555555555556,4,4
2025-04-11,3786,92,41.15217391304348,4,5
2025-04-12,4554,92,49.5,4,6
2025-04-13,4524,88,51.40909090909091,4,7
2025-04-14,3318,90,36.86666666666667,4,1
2025-04-15,3696,93,39.74193548387097,4,2
2025-04-16,3962,92,43.06521739130435,4,3
2025-04-17,3792,91,41.67032967032967,4,4
2025-04-18,3851,91,42.31868131868132,4,5
2025-04-19,4280,93,46.02150537634409,4,6
2025-04-20,3982,91,43.75824175824176,4,7
2025-04-21,3211,87,36.9080459770115,4,1
2025-04-22,3443,89,38.68539325842696,4,2
2025-04-23,3290,88,37.38636363636363,4,3
2025-04-24,2974,84,35.40476190476191,4,4
2025-04-25,2993,85,35.21176470588235,4,5
2025-04-26,4014,88,45.61363636363637,4,6
2025-04-27,3538,84,42.11904761904762,4,7
2025-04-28,3235,81,39.93827160493827,4,1
2025-04-29,3148,79,39.84810126582278,4,2
2025-04-30,1289,67,19.23880597014925,4,3
2025-05-01,2178,68,32.02941176470588,5,4
2025-05-02,2232,67,33.3134328358209,5,5
2025-05-03,2289,62,36.91935483870968,5,6
2025-05-04,2882,66,43.66666666666666,5,7
2025-05-05,3762,72,52.25,5,1
2025-05-06,3641,76,47.9078947368421,5,2
2025-05-07,4005,78,51.34615384615385,5,3
2025-05-08,3892,78,49.8974358974359,5,4
2025-05-09,4365,79,55.25316455696203,5,5
2025-05-10,4428,82,54.0,5,6
2025-05-11,4603,77,59.77922077922078,5,7
2025-05-12,3811,76,50.14473684210526,5,1
2025-05-13,4034,71,56.8169014084507,5,2
2025-05-14,3985,75,53.13333333333333,5,3
2025-05-15,3784,78,48.51282051282051,5,4
2025-05-16,4029,80,50.3625,5,5
2025-05-17,4563,85,53.68235294117647,5,6
2025-05-18,4416,82,53.85365853658536,5,7
2025-05-19,4062,81,50.14814814814815,5,1
2025-05-20,4469,81,55.17283950617284,5,2
2025-05-21,4375,96,45.57291666666666,5,3
2025-05-22,4760,91,52.30769230769231,5,4
2025-05-23,4369,93,46.97849462365591,5,5
2025-05-24,4884,94,51.95744680851064,5,6
2025-05-25,5168,95,54.4,5,7
2025-05-26,4443,91,48.82417582417582,5,1
2025-05-27,4896,96,51.0,5,2
2025-05-28,4642,95,48.86315789473684,5,3
2025-05-29,4193,96,43.67708333333334,5,4
2025-05-30,4179,105,39.8,5,5
2025-05-31,4178,94,44.4468085106383,5,6
2025-06-09,3780,97,38.96907216494845,6,1
2025-06-10,4837,99,48.85858585858586,6,2
2025-06-11,4143,99,41.84848484848485,6,3
2025-06-12,4576,99,46.22222222222222,6,4
2025-06-13,5146,99,51.97979797979798,6,5
2025-06-14,5246,107,49.02803738317757,6,6
2025-06-15,4830,107,45.14018691588785,6,7
2025-06-16,4276,99,43.19191919191919,6,1
2025-06-17,4488,96,46.75,6,2
2025-06-18,4663,100,46.63,6,3
2025-06-19,4414,96,45.97916666666666,6,4
2025-06-20,4508,97,46.47422680412371,6,5
2025-06-21,5445,112,48.61607142857143,6,6
2025-06-22,6018,108,55.72222222222222,6,7
2025-06-23,4488,100,44.88,6,1
2025-06-24,4069,100,40.69,6,2
2025-06-25,4016,101,39.76237623762376,6,3
2025-06-26,4141,102,40.59803921568628,6,4
2025-06-27,4671,105,44.48571428571429,6,5
2025-06-28,4697,110,42.7,6,6
2025-06-29,4461,111,40.18918918918919,6,7
2025-07-01,4381,112,39.11607142857143,7,2
2025-07-02,4589,112,40.97321428571428,7,3
2025-07-03,4335,114,38.02631578947368,7,4
2025-07-04,4739,114,41.57017543859649,7,5
2025-07-05,5620,117,48.03418803418803,7,6
2025-07-06,5406,118,45.8135593220339,7,7
2025-07-07,4849,112,43.29464285714285,7,1
2025-07-08,4392,116,37.86206896551724,7,2
2025-07-09,4402,126,34.93650793650794,7,3
2025-07-10,4299,126,34.11904761904762,7,4
2025-07-11,4427,126,35.13492063492063,7,5
2025-07-12,5259,126,41.73809523809524,7,6
2025-07-13,5261,127,41.4251968503937,7,7
2025-07-14,4216,127,33.19685039370079,7,1
2025-07-15,4202,125,33.616,7,2
2025-07-16,4025,121,33.26446280991735,7,3
2025-07-17,4513,138,32.70289855072464,7,4
2025-07-18,5118,140,36.55714285714286,7,5
2025-07-19,5265,137,38.43065693430657,7,6
2025-07-20,5351,137,39.05839416058394,7,7
2025-07-21,4332,111,39.02702702702702,7,1
2025-07-22,4267,115,37.10434782608696,7,2
2025-07-23,4261,112,38.04464285714285,7,3
2025-07-24,4369,117,37.34188034188034,7,4
2025-07-25,4479,118,37.95762711864407,7,5
2025-07-26,5412,103,52.54368932038835,7,6
2025-07-27,2716,100,27.16,7,7
2025-07-28,4463,125,35.704,7,1
2025-07-29,4470,126,35.47619047619047,7,2
2025-07-30,3853,111,34.71171171171171,7,3
2025-07-31,3651,126,28.97619047619047,7,4
2025-08-01,3919,116,33.78448275862069,8,5
2025-08-02,5635,114,49.42982456140351,8,6
2025-08-03,5653,133,42.50375939849624,8,7
2025-08-04,4938,144,34.29166666666666,8,1
2025-08-05,5471,160,34.19375,8,2
2025-08-06,5324,159,33.48427672955975,8,3
2025-08-07,7692,161,47.77639751552795,8,4
2025-08-08,6461,159,40.63522012578616,8,5
2025-08-09,7230,158,45.75949367088607,8,6
2025-08-10,6353,158,40.20886075949367,8,7
2025-08-11,5204,149,34.92617449664429,8,1
2025-08-12,4955,146,33.93835616438356,8,2
2025-08-13,4916,158,31.11392405063291,8,3
2025-08-14,5043,162,31.12962962962963,8,4
2025-08-15,5049,158,31.95569620253164,8,5
2025-08-16,5789,158,36.63924050632912,8,6
2025-08-17,5787,160,36.16875,8,7
2025-08-18,4211,134,31.42537313432836,8,1
2025-08-19,4278,130,32.90769230769231,8,2
2025-08-20,4462,138,32.33333333333334,8,3
2025-08-21,4700,132,35.60606060606061,8,4
2025-08-22,4917,132,37.25,8,5
2025-08-23,5428,122,44.49180327868852,8,6
2025-08-24,5138,118,43.54237288135593,8,7
2025-08-25,3449,90,38.32222222222222,8,1
2025-08-26,3496,97,36.04123711340206,8,2
2025-08-27,4088,94,43.48936170212766,8,3
2025-08-28,4196,96,43.70833333333334,8,4
2025-08-29,3793,94,40.35106382978724,8,5
2025-08-30,4565,97,47.06185567010309,8,6
2025-08-31,4118,93,44.27956989247312,8,7
2025-09-01,3298,88,37.47727272727273,9,1
2025-09-02,3510,89,39.43820224719101,9,2
2025-09-03,2957,76,38.9078947368421,9,3
2025-09-04,2942,84,35.02380952380953,9,4
2025-09-05,3571,83,43.02409638554217,9,5
2025-09-06,4008,80,50.1,9,6
2025-09-07,3946,89,44.3370786516854,9,7
2025-09-08,3179,81,39.24691358024691,9,1
2025-09-09,3299,78,42.2948717948718,9,2
2025-09-10,2833,82,34.54878048780488,9,3
2025-09-11,3195,87,36.72413793103448,9,4
2025-09-12,3473,88,39.46590909090909,9,5
2025-09-13,4064,86,47.25581395348837,9,6
2025-09-14,3815,87,43.85057471264368,9,7
2025-09-15,3136,91,34.46153846153846,9,1
2025-09-16,3141,87,36.10344827586207,9,2
2025-09-17,3358,83,40.45783132530121,9,3
2025-09-18,3189,85,37.51764705882353,9,4
2025-09-19,3264,91,35.86813186813187,9,5
2025-09-20,3836,87,44.0919540229885,9,6
2025-09-21,3303,85,38.85882352941177,9,7
2025-09-22,3027,89,34.01123595505618,9,1
2025-09-23,3194,92,34.71739130434783,9,2
2025-09-24,3286,87,37.77011494252874,9,3
2025-09-25,3446,87,39.60919540229885,9,4
2025-09-26,3441,81,42.48148148148148,9,5
2025-09-27,3523,76,46.35526315789474,9,6
2025-09-28,3203,75,42.70666666666666,9,7
2025-09-29,2873,67,42.88059701492537,9,1
2025-09-30,2596,62,41.87096774193548,9,2
2025-10-01,2580,67,38.50746268656717,10,3
2025-10-02,2203,69,31.92753623188406,10,4
2025-10-03,2167,66,32.83333333333334,10,5
2025-10-04,2280,65,35.07692307692308,10,6
2025-10-05,2778,67,41.46268656716418,10,7
2025-10-06,2914,71,41.04225352112676,10,1
2025-10-07,2910,76,38.28947368421053,10,2
2025-10-08,3344,78,42.87179487179487,10,3
2025-10-09,2686,78,34.43589743589744,10,4
2025-10-10,2799,79,35.43037974683544,10,5
2025-10-11,3328,84,39.61904761904762,10,6
2025-10-12,4012,91,44.08791208791209,10,7
2025-10-13,2921,82,35.6219512195122,10,1
2025-10-14,3292,83,39.66265060240964,10,2
2025-10-15,3229,84,38.44047619047619,10,3
2025-10-16,3238,91,35.58241758241758,10,4
2025-10-17,3388,90,37.64444444444445,10,5
2025-10-18,3789,102,37.14705882352941,10,6
2025-10-19,3919,100,39.19,10,7
2025-10-20,2846,83,34.28915662650602,10,1
2025-10-21,2946,87,33.86206896551724,10,2
2025-10-22,2992,90,33.24444444444445,10,3
2025-10-23,2948,90,32.75555555555555,10,4
2025-10-24,3058,90,33.97777777777777,10,5
2025-10-25,3616,96,37.66666666666666,10,6
2025-10-26,3873,98,39.52040816326531,10,7
2025-10-27,2870,85,33.76470588235294,10,1
2025-10-28,2796,86,32.51162790697674,10,2
2025-10-29,3040,89,34.15730337078652,10,3
2025-10-30,2892,85,34.02352941176471,10,4
2025-10-31,2961,87,34.03448275862069,10,5
